timestamp,open,high,low,close,volume
2025-06-09T17:47:00,108229.87,108422.28,108229.86,108288.01,28.73958
2025-06-09T17:49:00,108288.01,108391.5,108253.88,108352.72,12.654630000000001
2025-06-09T17:51:00,108352.72,108352.72,108276.11,108301.23,20.397920000000003
2025-06-09T17:53:00,108301.22,108333.38,108270.07,108332.99,13.23694
2025-06-09T17:55:00,108332.98,108383.43,108326.49,108367.48,16.56486
2025-06-09T17:57:00,108367.49,108367.49,108303.34,108353.77,9.67018
2025-06-09T17:59:00,108353.76,108378.36,108324.99,108376.0,11.45524
2025-06-09T18:01:00,108376.0,108394.24,108343.29,108371.51,15.096800000000002
2025-06-09T18:03:00,108371.52,108399.95,108340.0,108367.36,20.160919999999997
2025-06-09T18:05:00,108367.36,108424.25,108300.0,108396.63,19.62803
2025-06-09T18:07:00,108396.63,108396.64,108380.0,108383.68,6.56586
2025-06-09T18:09:00,108383.68,108499.98,108383.68,108499.98,46.65041
2025-06-09T18:11:00,108499.98,108499.98,108327.33,108420.0,34.69068
2025-06-09T18:13:00,108420.0,108482.63,108419.99,108444.0,16.02326
2025-06-09T18:15:00,108444.01,108490.33,108429.15,108469.51,26.79261
2025-06-09T18:17:00,108469.51,108491.88,108460.98,108460.99,19.41915
2025-06-09T18:19:00,108460.99,108473.26,108395.34,108404.26,23.728270000000002
2025-06-09T18:21:00,108404.26,108470.63,108404.26,108470.62,9.28806
2025-06-09T18:23:00,108470.63,108500.0,108470.62,108500.0,9.597570000000001
2025-06-09T18:25:00,108499.99,108552.44,108463.84,108479.49,59.517810000000004
2025-06-09T18:27:00,108479.49,108492.73,108421.41,108459.33,9.09357
2025-06-09T18:29:00,108459.33,108468.68,108405.14,108440.21,14.19877
2025-06-09T18:31:00,108440.21,108462.2,108422.3,108422.3,14.68789
2025-06-09T18:33:00,108422.3,108459.09,108421.25,108446.59,14.32464
2025-06-09T18:35:00,108446.58,108453.43,108430.79,108453.42,5.71314
2025-06-09T18:37:00,108453.43,108499.99,108453.42,108489.13,11.23483
2025-06-09T18:39:00,108489.13,108489.13,108400.0,108405.55,14.187819999999999
2025-06-09T18:41:00,108405.56,108405.56,108311.54,108345.84,29.062569999999997
2025-06-09T18:43:00,108345.85,108390.04,108345.84,108379.99,6.022869999999999
2025-06-09T18:45:00,108379.99,108380.0,108325.58,108325.61,12.23766
2025-06-09T18:47:00,108325.61,108325.62,108284.5,108295.11,16.06472
2025-06-09T18:49:00,108295.11,108408.0,108295.11,108402.7,9.45397
2025-06-09T18:51:00,108402.69,108410.08,108370.1,108370.11,9.42988
2025-06-09T18:53:00,108370.1,108370.11,108318.61,108340.0,9.187
2025-06-09T18:55:00,108340.0,108392.94,108339.99,108392.94,11.79687
2025-06-09T18:57:00,108392.94,108444.94,108392.93,108444.94,11.29997
2025-06-09T18:59:00,108444.94,108480.0,108419.74,108441.85,15.13324
2025-06-09T19:01:00,108441.86,108530.0,108441.85,108530.0,21.18508
2025-06-09T19:03:00,108530.0,108584.8,108477.6,108486.57,27.077070000000003
2025-06-09T19:05:00,108486.58,108538.5,108486.57,108514.61,17.334
2025-06-09T19:07:00,108514.62,108558.14,108514.61,108545.46,7.2912
2025-06-09T19:09:00,108545.46,108545.46,108488.37,108513.48,10.044540000000001
2025-06-09T19:11:00,108513.48,108543.14,108500.0,108500.99,10.06785
2025-06-09T19:13:00,108500.99,108520.19,108500.99,108510.27,4.01788
2025-06-09T19:15:00,108510.28,108539.59,108490.98,108493.67,14.45543
2025-06-09T19:17:00,108493.67,108558.14,108493.66,108551.67,14.58701
2025-06-09T19:19:00,108551.67,108588.88,108532.24,108538.87,19.94229
2025-06-09T19:21:00,108538.88,108538.88,108481.0,108525.21,15.63748
2025-06-09T19:23:00,108525.21,108767.24,108522.21,108563.11,119.08288999999999
2025-06-09T19:25:00,108563.11,108750.0,108482.22,108750.0,22.525959999999998
2025-06-09T19:27:00,108750.0,108754.74,108664.2,108673.09,26.82835
2025-06-09T19:29:00,108673.09,108690.73,108608.57,108614.23,19.1661
2025-06-09T19:31:00,108614.23,108628.69,108550.22,108551.56,9.65484
2025-06-09T19:33:00,108551.56,108551.57,108519.06,108548.01,9.64634
2025-06-09T19:35:00,108548.0,108599.68,108548.0,108593.53,10.37988
2025-06-09T19:37:00,108593.53,108593.54,108552.95,108552.95,12.20144
2025-06-09T19:39:00,108552.95,108574.02,108494.29,108498.14,29.13493
2025-06-09T19:41:00,108498.14,108572.0,108496.19,108501.36,27.093600000000002
2025-06-09T19:43:00,108501.36,108501.36,108444.1,108447.18,10.21348
2025-06-09T19:45:00,108447.18,108447.19,108339.68,108367.44,30.551389999999998
2025-06-09T19:47:00,108366.71,108517.33,108354.05,108517.33,16.72166
2025-06-09T19:49:00,108517.32,108604.73,108517.32,108569.42,27.51307
2025-06-09T19:51:00,108569.43,108595.04,108550.62,108550.63,8.57687
2025-06-09T19:53:00,108550.62,108550.63,108448.0,108448.0,9.13702
2025-06-09T19:55:00,108448.0,108465.11,108402.0,108465.1,12.37663
2025-06-09T19:57:00,108465.1,108547.31,108465.1,108537.02,13.34869
2025-06-09T19:59:00,108537.01,108637.29,108517.0,108545.67,39.2699
2025-06-09T20:01:00,108545.67,108622.37,108545.66,108613.17,8.54806
2025-06-09T20:03:00,108613.16,108613.16,108570.14,108588.04,8.62474
2025-06-09T20:05:00,108588.04,108676.26,108588.03,108673.1,17.62762
2025-06-09T20:07:00,108673.09,108674.42,108668.42,108669.4,7.76707
2025-06-09T20:09:00,108669.4,108704.0,108646.63,108646.63,8.668849999999999
2025-06-09T20:11:00,108646.63,108646.64,108571.87,108571.88,8.20833
2025-06-09T20:13:00,108571.88,108571.88,108456.08,108465.11,21.15517
2025-06-09T20:15:00,108465.12,108539.74,108465.12,108539.74,5.290039999999999
2025-06-09T20:17:00,108539.74,108661.47,108539.73,108632.08,13.74258
2025-06-09T20:19:00,108632.08,108632.08,108586.27,108600.0,8.31423
2025-06-09T20:21:00,108600.0,108646.68,108592.71,108636.77,9.061209999999999
2025-06-09T20:23:00,108636.77,108650.0,108617.52,108620.01,7.42742
2025-06-09T20:25:00,108620.01,108651.68,108619.98,108651.67,2.97997
2025-06-09T20:27:00,108651.67,108659.69,108631.4,108659.68,6.03641
2025-06-09T20:29:00,108659.69,108715.1,108656.99,108715.1,13.416659999999998
2025-06-09T20:31:00,108715.09,108735.85,108715.09,108730.25,9.406099999999999
2025-06-09T20:33:00,108730.24,108736.19,108730.24,108732.37,5.74507
2025-06-09T20:35:00,108732.38,108732.38,108701.9,108701.9,5.36362
2025-06-09T20:37:00,108701.9,108701.91,108656.99,108694.6,22.16988
2025-06-09T20:39:00,108694.6,108734.55,108694.6,108734.06,13.375680000000001
2025-06-09T20:41:00,108734.05,108734.06,108702.04,108702.05,9.26843
2025-06-09T20:43:00,108702.05,108702.05,108672.37,108672.37,5.53859
2025-06-09T20:45:00,108672.37,108688.33,108658.85,108684.0,8.34864
2025-06-09T20:47:00,108684.0,108684.0,108663.97,108663.98,7.39991
2025-06-09T20:49:00,108663.98,108663.98,108617.87,108659.43,12.513919999999999
2025-06-09T20:51:00,108659.42,108663.92,108656.71,108662.42,4.68647
2025-06-09T20:53:00,108662.42,108702.05,108662.42,108702.04,10.49009
2025-06-09T20:55:00,108702.04,108714.25,108687.4,108695.88,17.30948
2025-06-09T20:57:00,108695.88,108707.59,108680.37,108680.38,17.554389999999998
2025-06-09T20:59:00,108680.38,108729.87,108680.37,108727.28,20.5315
2025-06-09T21:01:00,108727.27,108818.38,108727.27,108808.09,65.98224
2025-06-09T21:03:00,108808.09,108843.72,108808.08,108833.2,17.20078
2025-06-09T21:05:00,108833.21,108850.0,108771.25,108771.26,27.148600000000002
2025-06-09T21:07:00,108771.26,108808.34,108766.76,108808.33,11.8597
2025-06-09T21:09:00,108808.33,109316.33,108808.33,109192.06,475.74269000000004
2025-06-09T21:11:00,109192.06,109374.99,109132.0,109318.32,134.15908
2025-06-09T21:13:00,109318.32,109318.33,109158.39,109222.68,40.658829999999995
2025-06-09T21:15:00,109222.69,109433.02,109222.69,109388.95,70.42561
2025-06-09T21:17:00,109388.95,109499.99,109378.65,109467.16,60.66685
2025-06-09T21:19:00,109467.15,109473.51,109399.9,109399.99,57.57553
2025-06-09T21:21:00,109399.99,109429.61,109349.79,109353.46,120.48849999999999
2025-06-09T21:23:00,109353.47,109499.97,109346.06,109476.04,132.76996
2025-06-09T21:25:00,109476.05,109888.0,109476.05,109887.99,228.07117
2025-06-09T21:27:00,109887.99,110000.0,109680.89,109903.05,320.97198
2025-06-09T21:29:00,109903.05,110530.17,109866.83,110246.59,687.8363099999999
2025-06-09T21:31:00,110246.6,110275.48,109859.27,110039.21,164.01485
2025-06-09T21:33:00,110039.21,110049.51,109901.21,110028.0,55.55004
2025-06-09T21:35:00,110028.01,110334.28,110028.0,110244.7,158.52947
2025-06-09T21:37:00,110244.71,110300.0,110167.11,110199.63,82.48599
2025-06-09T21:39:00,110199.63,110229.38,109982.78,110009.99,77.09496
2025-06-09T21:41:00,110009.99,110010.0,109877.32,109975.38,50.16055
2025-06-09T21:43:00,109975.39,109975.39,109875.33,109892.04,59.6205
2025-06-09T21:45:00,109892.05,110099.99,109892.04,109904.93,95.06768
2025-06-09T21:47:00,109904.93,109904.94,109729.97,109772.28,52.75084
2025-06-09T21:49:00,109772.28,109877.47,109764.36,109852.87,37.76607
2025-06-09T21:51:00,109852.88,109917.21,109727.55,109727.56,54.141799999999996
2025-06-09T21:53:00,109727.56,109846.68,109722.74,109826.04,46.28448
2025-06-09T21:55:00,109826.04,110069.96,109826.04,109980.0,72.27527
2025-06-09T21:57:00,109980.0,109982.32,109902.15,109926.96,37.60048
2025-06-09T21:59:00,109926.96,110126.23,109882.74,110112.45,72.68769999999999
2025-06-09T22:01:00,110111.53,110159.44,110015.13,110122.71,62.01999000000001
2025-06-09T22:03:00,110122.71,110182.26,109985.41,110003.87,27.099899999999998
2025-06-09T22:05:00,110003.87,110042.38,109957.56,109957.56,24.59875
2025-06-09T22:07:00,109957.57,109957.57,109851.66,109900.0,40.61371
2025-06-09T22:09:00,109899.99,109903.48,109734.92,109750.81,45.294979999999995
2025-06-09T22:11:00,109750.8,109846.04,109750.8,109788.32,24.73417
2025-06-09T22:13:00,109788.32,109940.3,109760.08,109908.88,53.22226
2025-06-09T22:15:00,109908.89,109908.89,109819.18,109886.72,17.84192
2025-06-09T22:17:00,109886.73,110077.0,109886.73,110077.0,52.16469
2025-06-09T22:19:00,110077.0,110077.0,109958.39,109958.4,20.25648
2025-06-09T22:21:00,109958.4,110010.41,109939.43,109978.83,34.81563
2025-06-09T22:23:00,109978.84,110031.07,109951.87,110031.06,28.44733
2025-06-09T22:25:00,110031.07,110077.0,110004.08,110054.7,18.23103
2025-06-09T22:27:00,110054.7,110227.95,110050.02,110191.02,76.65117000000001
2025-06-09T22:29:00,110191.03,110238.34,110173.5,110191.88,30.97132
2025-06-09T22:31:00,110191.89,110384.36,110100.0,110356.0,71.40994
2025-06-09T22:33:00,110355.99,110386.0,110270.49,110346.69,51.760760000000005
2025-06-09T22:35:00,110346.7,110420.0,110310.12,110319.32,34.07114
2025-06-09T22:37:00,110319.32,110320.16,110231.15,110237.5,139.03735999999998
2025-06-09T22:39:00,110237.5,110260.01,110162.36,110162.36,61.6977
2025-06-09T22:41:00,110162.36,110291.68,110162.0,110264.01,72.43064
2025-06-09T22:43:00,110264.01,110277.56,110240.6,110258.01,47.76522
2025-06-09T22:45:00,110258.0,110268.17,110243.09,110268.16,25.80834
2025-06-09T22:47:00,110268.17,110268.17,110131.3,110183.39,23.91553
2025-06-09T22:49:00,110183.39,110199.55,110124.04,110124.04,14.16325
2025-06-09T22:51:00,110124.05,110194.47,110124.05,110185.23,13.55567
2025-06-09T22:53:00,110185.23,110185.24,110121.69,110149.99,14.50318
2025-06-09T22:55:00,110149.99,110207.66,110104.28,110122.4,35.48467
2025-06-09T22:57:00,110122.4,110179.3,110121.11,110171.44,15.87102
2025-06-09T22:59:00,110171.45,110228.0,110122.82,110134.24,20.49542
2025-06-09T23:01:00,110134.23,110267.28,110118.2,110246.0,26.82895
2025-06-09T23:03:00,110246.01,110246.01,110105.11,110124.87,23.775109999999998
2025-06-09T23:05:00,110124.86,110124.86,110043.85,110050.64,40.7736
2025-06-09T23:07:00,110050.64,110100.0,110039.18,110039.67,36.76909
2025-06-09T23:09:00,110039.67,110039.67,109981.63,109981.63,18.484569999999998
2025-06-09T23:11:00,109981.64,109981.64,109908.99,109916.01,13.09318
2025-06-09T23:13:00,109916.01,109926.04,109889.51,109923.0,40.98982
2025-06-09T23:15:00,109923.0,109968.19,109894.01,109894.02,36.36936
2025-06-09T23:17:00,109894.01,109903.68,109894.01,109903.31,14.930769999999999
2025-06-09T23:19:00,109903.32,109944.0,109866.18,109934.39,112.57224
2025-06-09T23:21:00,109934.39,110200.0,109913.53,110194.44,86.36305
2025-06-09T23:23:00,110194.44,110267.28,110183.99,110203.19,35.08032
2025-06-09T23:25:00,110203.2,110203.2,110107.43,110126.54,39.3959
2025-06-09T23:27:00,110126.55,110126.55,110027.28,110031.5,22.40523
2025-06-09T23:29:00,110031.5,110079.17,110001.55,110049.98,71.97929
2025-06-09T23:31:00,110049.97,110049.97,109975.37,110023.64,22.61899
2025-06-09T23:33:00,110023.64,110093.5,110023.64,110047.01,25.6981
2025-06-09T23:35:00,110047.0,110099.33,110039.1,110050.49,12.41191
2025-06-09T23:37:00,110050.49,110144.81,110029.57,110144.8,24.611800000000002
2025-06-09T23:39:00,110144.81,110242.88,110120.26,110229.6,38.284060000000004
2025-06-09T23:41:00,110229.6,110266.08,110229.59,110251.69,22.4006
2025-06-09T23:43:00,110251.69,110257.31,110198.87,110198.87,37.26786
2025-06-09T23:45:00,110198.87,110250.93,110159.05,110198.44,27.13334
2025-06-09T23:47:00,110198.43,110198.44,110121.27,110171.02,20.71604
2025-06-09T23:49:00,110171.01,110271.45,110157.05,110271.45,35.575019999999995
2025-06-09T23:51:00,110271.44,110313.99,110249.14,110249.14,14.749760000000002
2025-06-09T23:53:00,110249.14,110249.15,110192.75,110215.57,18.93446
2025-06-09T23:55:00,110215.57,110284.74,110215.57,110260.01,13.610330000000001
2025-06-09T23:57:00,110260.0,110267.57,110247.96,110247.96,9.47995
2025-06-09T23:59:00,110247.97,110276.92,110190.1,110202.7,27.702399999999997
2025-06-10T00:01:00,110202.71,110207.36,110142.89,110167.27,20.86555
2025-06-10T00:03:00,110167.28,110200.0,110148.41,110172.46,21.93224
2025-06-10T00:05:00,110172.45,110172.45,110121.38,110121.38,16.02336
2025-06-10T00:07:00,110121.38,110132.47,110037.08,110041.8,15.609089999999998
2025-06-10T00:09:00,110041.79,110098.1,110028.0,110071.35,32.92801
2025-06-10T00:11:00,110071.36,110071.36,109984.34,109984.34,16.07125
2025-06-10T00:13:00,109984.35,109984.35,109943.77,109971.01,22.52406
2025-06-10T00:15:00,109971.01,110058.34,109965.9,110038.42,34.13258
2025-06-10T00:17:00,110038.42,110038.43,110000.0,110008.0,22.841209999999997
2025-06-10T00:19:00,110008.01,110008.01,109964.0,109979.55,16.12863
2025-06-10T00:21:00,109979.54,110085.53,109979.54,110085.53,27.09127
2025-06-10T00:23:00,110085.52,110200.0,110085.52,110194.05,38.4169
2025-06-10T00:25:00,110194.05,110285.35,110194.05,110224.18,21.14005
2025-06-10T00:27:00,110224.18,110311.82,110214.0,110290.03,26.604779999999998
2025-06-10T00:29:00,110290.02,110295.77,110169.81,110220.04,57.38959
2025-06-10T00:31:00,110220.04,110306.8,110107.79,110143.92,107.36137
2025-06-10T00:33:00,110143.91,110150.0,110073.65,110099.0,29.95583
2025-06-10T00:35:00,110098.99,110225.25,110052.06,110225.24,33.96164
2025-06-10T00:37:00,110225.25,110299.64,110225.24,110288.81,52.98377
2025-06-10T00:39:00,110288.81,110300.0,110209.88,110209.88,23.091079999999998
2025-06-10T00:41:00,110209.88,110216.99,110100.03,110100.03,21.98599
2025-06-10T00:43:00,110100.03,110142.01,110100.03,110133.94,14.9807
2025-06-10T00:45:00,110133.95,110148.0,110120.0,110126.3,14.42657
2025-06-10T00:47:00,110126.31,110126.31,110038.23,110038.23,10.301580000000001
2025-06-10T00:49:00,110038.23,110038.25,109994.34,109996.56,23.85993
2025-06-10T00:51:00,109996.56,110061.2,109996.56,110050.59,11.045380000000002
2025-06-10T00:53:00,110050.59,110050.6,110011.15,110014.01,9.86632
2025-06-10T00:55:00,110014.0,110014.0,109913.77,109930.0,91.07513
2025-06-10T00:57:00,109930.0,109955.04,109909.54,109947.95,36.69892
2025-06-10T00:59:00,109947.94,109947.95,109886.0,109886.0,20.64466
2025-06-10T01:01:00,109886.0,109886.01,109850.0,109866.16,18.14268
2025-06-10T01:03:00,109866.17,109886.8,109843.47,109843.47,30.148429999999998
2025-06-10T01:05:00,109843.48,109893.19,109843.47,109893.17,26.7118
2025-06-10T01:07:00,109893.18,109953.98,109840.91,109879.98,19.81515
2025-06-10T01:09:00,109879.98,109886.8,109843.91,109843.91,7.04357
2025-06-10T01:11:00,109843.92,109843.92,109739.83,109779.27,58.292159999999996
2025-06-10T01:13:00,109779.28,109779.28,109722.75,109764.26,11.85346
2025-06-10T01:15:00,109764.26,109818.82,109760.0,109760.01,13.47175
2025-06-10T01:17:00,109760.0,109774.88,109725.27,109764.84,25.21267
2025-06-10T01:19:00,109764.84,109780.0,109754.03,109755.89,14.79219
2025-06-10T01:21:00,109755.89,109808.39,109755.89,109808.38,16.5977
2025-06-10T01:23:00,109808.39,109890.2,109808.34,109890.19,15.86434
2025-06-10T01:25:00,109890.19,109928.49,109851.26,109928.49,16.47242
2025-06-10T01:27:00,109928.48,109928.49,109853.18,109853.19,7.1232
2025-06-10T01:29:00,109853.19,109853.19,109821.88,109821.88,7.625959999999999
2025-06-10T01:31:00,109821.88,109821.89,109767.88,109792.72,19.500140000000002
2025-06-10T01:33:00,109792.72,109837.78,109745.28,109837.78,20.19319
2025-06-10T01:35:00,109837.77,109853.17,109802.88,109802.88,11.35477
2025-06-10T01:37:00,109802.7,109836.15,109773.88,109836.15,14.92606
2025-06-10T01:39:00,109836.14,109872.69,109800.0,109800.0,18.92789
2025-06-10T01:41:00,109800.01,109847.76,109770.07,109847.75,16.51181
2025-06-10T01:43:00,109847.76,109870.01,109820.13,109870.0,15.1742
2025-06-10T01:45:00,109870.01,109886.25,109842.0,109842.0,10.55747
2025-06-10T01:47:00,109842.0,109857.51,109828.05,109850.77,8.71861
2025-06-10T01:49:00,109850.76,109850.76,109741.3,109741.31,7.80485
2025-06-10T01:51:00,109741.31,109741.31,109714.1,109729.01,13.306519999999999
2025-06-10T01:53:00,109729.02,109729.02,109648.29,109679.16,41.703469999999996
2025-06-10T01:55:00,109679.16,109775.46,109679.15,109775.46,8.505500000000001
2025-06-10T01:57:00,109775.46,109812.92,109775.45,109801.92,10.602879999999999
2025-06-10T01:59:00,109801.93,109801.93,109698.11,109698.11,9.90705
2025-06-10T02:01:00,109698.11,109698.12,109650.94,109675.95,8.98757
2025-06-10T02:03:00,109675.96,109675.96,109668.41,109669.3,10.19139
2025-06-10T02:05:00,109669.29,109669.3,109512.32,109543.99,74.30368
2025-06-10T02:07:00,109544.0,109567.56,109396.66,109428.99,63.679410000000004
2025-06-10T02:09:00,109428.99,109448.44,109381.24,109400.85,32.96318
2025-06-10T02:11:00,109400.85,109446.66,109381.72,109443.39,16.76076
2025-06-10T02:13:00,109443.39,109610.74,109443.39,109610.74,40.972409999999996
2025-06-10T02:15:00,109610.74,109644.75,109520.0,109536.51,23.171799999999998
2025-06-10T02:17:00,109536.51,109559.7,109509.43,109509.43,23.04212
2025-06-10T02:19:00,109509.43,109535.97,109473.93,109500.01,35.29511
2025-06-10T02:21:00,109500.0,109540.0,109477.2,109531.84,13.451
2025-06-10T02:23:00,109531.85,109594.46,109531.84,109594.46,8.81108
2025-06-10T02:25:00,109594.46,109678.0,109594.45,109678.0,9.913
2025-06-10T02:27:00,109678.0,109678.0,109617.8,109644.36,8.22706
2025-06-10T02:29:00,109644.36,109647.72,109620.0,109624.1,14.71368
2025-06-10T02:31:00,109624.09,109650.0,109616.24,109618.76,8.69444
2025-06-10T02:33:00,109618.75,109632.89,109572.72,109632.88,10.66493
2025-06-10T02:35:00,109632.89,109698.12,109608.6,109608.6,19.139719999999997
2025-06-10T02:37:00,109608.61,109634.68,109583.49,109632.47,11.16995
2025-06-10T02:39:00,109632.46,109632.47,109600.0,109600.0,10.739609999999999
2025-06-10T02:41:00,109600.01,109600.01,109571.5,109571.51,11.27684
2025-06-10T02:43:00,109571.51,109627.89,109571.5,109627.88,10.502569999999999
2025-06-10T02:45:00,109627.88,109678.68,109624.33,109651.74,12.533
2025-06-10T02:47:00,109651.75,109651.75,109575.95,109619.23,14.70581
2025-06-10T02:49:00,109619.23,109687.98,109619.22,109670.12,10.88741
2025-06-10T02:51:00,109670.11,109707.0,109643.16,109671.5,29.837020000000003
2025-06-10T02:53:00,109671.5,109730.38,109635.58,109726.19,16.11898
2025-06-10T02:55:00,109726.18,109750.0,109656.96,109656.96,5.89121
2025-06-10T02:57:00,109656.96,109656.97,109636.51,109636.51,4.80945
2025-06-10T02:59:00,109636.52,109684.89,109636.51,109661.62,7.78582
2025-06-10T03:01:00,109661.62,109673.0,109517.02,109524.17,31.50568
2025-06-10T03:03:00,109524.17,109533.69,109499.84,109516.94,20.08247
2025-06-10T03:05:00,109516.95,109516.95,109429.56,109429.57,8.74564
2025-06-10T03:07:00,109429.56,109461.15,109388.0,109461.14,12.65212
2025-06-10T03:09:00,109461.15,109498.78,109452.0,109452.0,14.21423
2025-06-10T03:11:00,109452.01,109452.01,109445.61,109445.61,6.6508
2025-06-10T03:13:00,109445.62,109445.62,109400.13,109400.14,8.45531
2025-06-10T03:15:00,109400.14,109435.01,109400.13,109416.21,10.619060000000001
2025-06-10T03:17:00,109416.21,109423.6,109407.83,109423.59,5.26493
2025-06-10T03:19:00,109423.6,109500.0,109423.59,109445.53,15.980039999999999
2025-06-10T03:21:00,109445.52,109520.0,109402.43,109520.0,10.36124
2025-06-10T03:23:00,109520.0,109520.0,109489.97,109489.97,6.58891
2025-06-10T03:25:00,109489.98,109489.98,109425.6,109428.68,8.18781
2025-06-10T03:27:00,109428.67,109440.81,109400.14,109438.91,20.08462
2025-06-10T03:29:00,109438.91,109508.98,109438.9,109483.7,26.319209999999998
2025-06-10T03:31:00,109483.7,109488.49,109408.44,109408.45,8.39683
2025-06-10T03:33:00,109408.44,109408.45,109400.45,109405.12,10.49325
2025-06-10T03:35:00,109405.12,109405.13,109382.38,109399.41,9.76584
2025-06-10T03:37:00,109399.4,109399.41,109399.4,109399.41,6.339650000000001
2025-06-10T03:39:00,109399.41,109473.33,109399.4,109473.28,18.93732
2025-06-10T03:41:00,109473.29,109473.29,109429.51,109429.51,11.62544
2025-06-10T03:43:00,109429.52,109458.9,109429.51,109458.89,4.0371
2025-06-10T03:45:00,109458.89,109459.87,109425.41,109459.87,6.845610000000001
2025-06-10T03:47:00,109459.86,109550.85,109459.86,109550.84,17.05127
2025-06-10T03:49:00,109550.84,109583.07,109532.01,109554.53,24.45857
2025-06-10T03:51:00,109554.54,109554.54,109505.52,109505.52,9.08794
2025-06-10T03:53:00,109505.52,109613.54,109505.52,109560.79,15.888749999999998
2025-06-10T03:55:00,109560.79,109560.8,109560.79,109560.8,4.41114
2025-06-10T03:57:00,109560.79,109560.8,109544.68,109544.69,3.06226
2025-06-10T03:59:00,109544.68,109590.96,109533.0,109576.33,10.32822
2025-06-10T04:01:00,109576.34,109623.76,109576.33,109583.76,13.53133
2025-06-10T04:03:00,109583.76,109623.76,109568.02,109623.76,11.565280000000001
2025-06-10T04:05:00,109623.75,109649.98,109614.23,109638.16,7.75483
2025-06-10T04:07:00,109638.16,109638.16,109571.4,109579.99,7.03922
2025-06-10T04:09:00,109580.0,109580.0,109544.82,109544.83,11.88332
2025-06-10T04:11:00,109544.82,109544.83,109472.32,109472.33,7.33704
2025-06-10T04:13:00,109472.33,109472.33,109415.09,109415.09,9.30513
2025-06-10T04:15:00,109415.1,109415.1,109367.92,109399.74,15.76714
2025-06-10T04:17:00,109399.74,109406.17,109366.0,109406.17,12.92444
2025-06-10T04:19:00,109406.18,109423.05,109381.12,109381.12,16.45367
2025-06-10T04:21:00,109381.12,109389.3,109366.0,109367.92,7.54514
2025-06-10T04:23:00,109367.92,109413.0,109367.92,109413.0,15.74047
2025-06-10T04:25:00,109412.99,109413.0,109385.46,109385.46,9.12042
2025-06-10T04:27:00,109385.47,109393.14,109372.48,109372.48,5.40591
2025-06-10T04:29:00,109372.48,109387.76,109372.48,109387.76,24.43347
2025-06-10T04:31:00,109387.75,109416.06,109387.75,109416.06,23.53555
2025-06-10T04:33:00,109416.05,109449.96,109416.05,109449.96,9.43535
2025-06-10T04:35:00,109449.96,109474.9,109443.23,109443.23,10.72618
2025-06-10T04:37:00,109443.24,109462.05,109430.0,109462.04,9.51101
2025-06-10T04:39:00,109462.04,109475.32,109462.04,109463.35,19.371209999999998
2025-06-10T04:41:00,109463.35,109542.31,109463.35,109542.3,20.248639999999998
2025-06-10T04:43:00,109542.3,109542.31,109496.9,109496.91,8.61818
2025-06-10T04:45:00,109496.9,109500.0,109468.14,109468.14,12.178180000000001
2025-06-10T04:47:00,109468.15,109499.9,109449.28,109499.89,12.096
2025-06-10T04:49:00,109499.89,109504.0,109491.68,109503.99,10.037049999999999
2025-06-10T04:51:00,109503.99,109534.61,109503.99,109532.02,29.5396
2025-06-10T04:53:00,109532.01,109532.02,109527.08,109527.09,2.30786
2025-06-10T04:55:00,109527.09,109527.09,109517.67,109517.67,6.069100000000001
2025-06-10T04:57:00,109517.68,109531.99,109502.14,109531.99,7.91946
2025-06-10T04:59:00,109531.98,109542.97,109506.16,109506.16,12.17475
2025-06-10T05:01:00,109506.17,109556.61,109502.14,109556.61,14.70024
2025-06-10T05:03:00,109556.6,109556.61,109500.58,109500.58,4.079549999999999
2025-06-10T05:05:00,109500.59,109500.59,109471.02,109488.73,10.39034
2025-06-10T05:07:00,109488.73,109507.26,109462.26,109462.26,15.68567
2025-06-10T05:09:00,109462.26,109499.63,109452.85,109499.59,11.016380000000002
2025-06-10T05:11:00,109499.6,109518.5,109490.4,109518.49,7.6913
2025-06-10T05:13:00,109518.5,109539.68,109515.68,109515.68,5.43911
2025-06-10T05:15:00,109515.69,109689.82,109515.68,109669.14,37.2565
2025-06-10T05:17:00,109669.15,109737.68,109669.14,109700.35,25.47012
2025-06-10T05:19:00,109700.35,109700.35,109626.9,109626.91,23.618280000000002
2025-06-10T05:21:00,109626.91,109644.2,109500.0,109500.0,34.14433
2025-06-10T05:23:00,109500.0,109500.01,109400.0,109459.92,35.479839999999996
2025-06-10T05:25:00,109459.91,109477.06,109396.75,109423.06,21.97878
2025-06-10T05:27:00,109423.06,109434.9,109398.64,109409.29,13.924339999999999
2025-06-10T05:29:00,109409.29,109450.26,109403.81,109415.32,12.60144
2025-06-10T05:31:00,109415.32,109415.32,109226.41,109244.34,69.11664
2025-06-10T05:33:00,109244.33,109251.97,109200.0,109251.97,22.92532
2025-06-10T05:35:00,109251.96,109251.97,109201.0,109233.0,7.70934
2025-06-10T05:37:00,109233.0,109271.77,109201.0,109271.77,15.06261
2025-06-10T05:39:00,109271.77,109348.23,109271.76,109348.23,16.52919
2025-06-10T05:41:00,109348.22,109372.55,109348.22,109372.55,25.97215
2025-06-10T05:43:00,109372.55,109413.68,109372.55,109394.88,11.06962
2025-06-10T05:45:00,109394.88,109437.04,109394.11,109395.5,9.16905
2025-06-10T05:47:00,109395.51,109395.51,109349.88,109355.31,6.8074200000000005
2025-06-10T05:49:00,109355.31,109367.08,109347.18,109356.86,15.21687
2025-06-10T05:51:00,109356.86,109356.86,109246.44,109246.45,11.99292
2025-06-10T05:53:00,109246.46,109279.99,109230.0,109265.01,14.190710000000001
2025-06-10T05:55:00,109265.01,109266.0,109230.01,109250.61,9.78692
2025-06-10T05:57:00,109250.62,109370.0,109250.61,109343.06,9.13715
2025-06-10T05:59:00,109343.06,109343.07,109280.71,109298.35,12.99223
2025-06-10T06:01:00,109298.34,109319.99,109213.81,109213.81,6.303190000000001
2025-06-10T06:03:00,109213.82,109236.0,109200.0,109204.94,9.65783
2025-06-10T06:05:00,109204.94,109224.0,109161.0,109161.01,12.04758
2025-06-10T06:07:00,109161.01,109196.02,109161.0,109194.48,49.77885
2025-06-10T06:09:00,109194.48,109316.14,109194.48,109316.13,27.03097
2025-06-10T06:11:00,109316.14,109408.98,109296.0,109296.0,17.20853
2025-06-10T06:13:00,109296.01,109296.01,109196.45,109200.0,6.99644
2025-06-10T06:15:00,109200.0,109272.74,109199.99,109250.65,12.62672
2025-06-10T06:17:00,109250.65,109250.66,109229.31,109250.65,5.37222
2025-06-10T06:19:00,109250.64,109328.93,109250.64,109326.38,10.887360000000001
2025-06-10T06:21:00,109326.38,109361.0,109326.38,109357.7,6.49775
2025-06-10T06:23:00,109357.7,109361.0,109357.7,109360.99,26.31938
2025-06-10T06:25:00,109361.0,109374.67,109352.2,109352.63,19.44793
2025-06-10T06:27:00,109352.63,109411.69,109352.63,109411.68,9.951889999999999
2025-06-10T06:29:00,109411.69,109461.16,109400.0,109449.24,12.646999999999998
2025-06-10T06:31:00,109449.24,109454.47,109385.01,109454.46,18.62225
2025-06-10T06:33:00,109454.47,109454.47,109357.61,109397.86,17.176160000000003
2025-06-10T06:35:00,109397.86,109545.68,109395.41,109496.0,35.37504
2025-06-10T06:37:00,109496.01,109529.55,109483.18,109523.63,15.44961
2025-06-10T06:39:00,109523.63,109583.97,109522.07,109583.59,20.36586
2025-06-10T06:41:00,109583.58,109650.0,109567.06,109620.0,19.62961
2025-06-10T06:43:00,109620.01,109620.01,109565.92,109570.31,11.61553
2025-06-10T06:45:00,109570.31,109570.31,109548.38,109570.3,4.64542
2025-06-10T06:47:00,109570.3,109634.3,109548.77,109619.99,14.37649
2025-06-10T06:49:00,109620.0,109620.0,109584.52,109584.53,8.72775
2025-06-10T06:51:00,109584.53,109595.12,109581.31,109581.31,6.01033
2025-06-10T06:53:00,109581.31,109581.32,109509.43,109509.43,3.97489
2025-06-10T06:55:00,109509.43,109530.67,109509.43,109518.41,8.28669
2025-06-10T06:57:00,109518.41,109518.42,109509.44,109509.45,3.02913
2025-06-10T06:59:00,109509.45,109509.45,109458.89,109458.9,4.4564900000000005
2025-06-10T07:01:00,109458.9,109479.26,109445.3,109461.78,9.602730000000001
2025-06-10T07:03:00,109461.79,109461.79,109450.39,109450.4,6.27516
2025-06-10T07:05:00,109450.39,109450.4,109388.89,109388.89,13.71692
2025-06-10T07:07:00,109388.89,109415.09,109383.98,109408.73,7.1863600000000005
2025-06-10T07:09:00,109408.74,109408.74,109344.77,109366.59,11.544039999999999
2025-06-10T07:11:00,109366.59,109407.23,109366.58,109392.43,9.71162
2025-06-10T07:13:00,109392.43,109406.54,109392.43,109394.36,4.36137
2025-06-10T07:15:00,109394.36,109394.37,109291.41,109320.74,8.74903
2025-06-10T07:17:00,109320.75,109354.0,109299.39,109333.9,8.77826
2025-06-10T07:19:00,109333.91,109387.5,109333.91,109361.86,7.81987
2025-06-10T07:21:00,109361.87,109412.01,109361.87,109385.28,15.20775
2025-06-10T07:23:00,109385.28,109392.03,109347.57,109392.01,12.5393
2025-06-10T07:25:00,109392.0,109517.16,109392.0,109500.01,19.97518
2025-06-10T07:27:00,109500.0,109500.01,109452.47,109459.62,16.41948
2025-06-10T07:29:00,109459.63,109459.63,109433.14,109433.15,23.894009999999998
2025-06-10T07:31:00,109433.14,109505.95,109370.11,109373.11,43.16306
2025-06-10T07:33:00,109373.12,109373.12,109260.16,109260.16,47.58009
2025-06-10T07:35:00,109260.16,109260.16,109207.56,109207.57,47.87312
2025-06-10T07:37:00,109207.56,109212.0,109151.6,109212.0,66.81790000000001
2025-06-10T07:39:00,109212.19,109220.99,109175.0,109189.65,50.10663
2025-06-10T07:41:00,109189.64,109263.4,109183.88,109246.29,57.337939999999996
2025-06-10T07:43:00,109246.29,109246.3,109161.01,109161.01,59.01818
2025-06-10T07:45:00,109161.0,109161.0,109095.67,109124.96,142.45648
2025-06-10T07:47:00,109124.96,109185.82,109114.05,109181.36,51.99221
2025-06-10T07:49:00,109181.36,109195.95,109147.44,109172.87,43.34907
2025-06-10T07:51:00,109172.86,109220.0,109148.0,109173.7,49.20004
2025-06-10T07:53:00,109173.69,109270.63,109173.69,109252.87,57.2111
2025-06-10T07:55:00,109252.86,109252.86,109217.11,109224.4,39.75128
2025-06-10T07:57:00,109224.4,109237.76,109224.4,109224.42,39.96592
2025-06-10T07:59:00,109224.42,109255.95,109205.13,109255.94,24.871319999999997
2025-06-10T08:01:00,109255.95,109273.59,109185.08,109187.28,15.75713
2025-06-10T08:03:00,109187.28,109273.58,109166.0,109260.09,17.6677
2025-06-10T08:05:00,109260.08,109338.75,109259.9,109338.74,14.45105
2025-06-10T08:07:00,109338.74,109358.03,109320.09,109358.02,17.99561
2025-06-10T08:09:00,109358.03,109415.1,109358.02,109415.09,12.2899
2025-06-10T08:11:00,109415.1,109415.1,109370.15,109372.59,24.311799999999998
2025-06-10T08:13:00,109372.59,109372.6,109249.07,109249.08,12.91056
2025-06-10T08:15:00,109249.07,109324.29,109249.07,109301.32,9.3032
2025-06-10T08:17:00,109301.32,109301.32,109249.07,109249.07,11.244700000000002
2025-06-10T08:19:00,109249.07,109298.0,109190.75,109298.0,18.31789
2025-06-10T08:21:00,109298.0,109315.72,109274.08,109304.81,16.09017
2025-06-10T08:23:00,109304.82,109304.82,109269.89,109269.89,3.99651
2025-06-10T08:25:00,109269.9,109269.9,109233.13,109248.21,4.87652
2025-06-10T08:27:00,109248.21,109269.61,109233.14,109254.16,9.3309
2025-06-10T08:29:00,109254.16,109311.31,109192.36,109311.31,17.32993
2025-06-10T08:31:00,109311.31,109333.07,109195.39,109195.4,7.8187999999999995
2025-06-10T08:33:00,109195.39,109195.4,109108.17,109171.97,41.33004
2025-06-10T08:35:00,109171.98,109285.45,109171.97,109285.44,16.46831
2025-06-10T08:37:00,109285.45,109285.45,109189.87,109197.16,10.050059999999998
2025-06-10T08:39:00,109197.16,109274.53,109197.15,109274.53,13.3776
2025-06-10T08:41:00,109274.52,109274.53,109250.8,109250.8,3.53717
2025-06-10T08:43:00,109250.8,109250.81,109229.77,109246.53,19.334780000000002
2025-06-10T08:45:00,109246.53,109246.54,109189.07,109189.07,19.74841
2025-06-10T08:47:00,109189.07,109271.09,109189.07,109208.13,14.67907
2025-06-10T08:49:00,109208.14,109221.02,109200.0,109221.01,19.07663
2025-06-10T08:51:00,109221.02,109221.02,109199.42,109199.42,8.94571
2025-06-10T08:53:00,109199.43,109199.43,109066.0,109094.71,31.065070000000002
2025-06-10T08:55:00,109094.7,109094.7,109057.87,109065.52,31.41751
2025-06-10T08:57:00,109065.53,109084.59,109056.9,109067.81,40.574600000000004
2025-06-10T08:59:00,109067.8,109127.35,109062.31,109066.32,49.84758
2025-06-10T09:01:00,109066.31,109154.34,109066.31,109154.33,43.23201
2025-06-10T09:03:00,109154.33,109154.34,109071.25,109092.53,33.10944
2025-06-10T09:05:00,109092.52,109123.77,109069.19,109119.99,35.195800000000006
2025-06-10T09:07:00,109119.99,109179.15,109092.39,109092.39,38.54605
2025-06-10T09:09:00,109092.4,109179.25,109090.0,109171.05,20.40585
2025-06-10T09:11:00,109171.06,109206.78,109145.96,109160.63,11.893139999999999
2025-06-10T09:13:00,109160.63,109173.94,109134.07,109163.77,21.64251
2025-06-10T09:15:00,109163.77,109223.92,109163.77,109199.86,10.74586
2025-06-10T09:17:00,109199.86,109199.87,109141.05,109141.05,4.52736
2025-06-10T09:19:00,109141.05,109163.84,109109.6,109163.84,12.56964
2025-06-10T09:21:00,109163.84,109234.54,109142.61,109234.54,23.95956
2025-06-10T09:23:00,109234.53,109360.18,109234.53,109356.45,42.132810000000006
2025-06-10T09:25:00,109356.44,109386.62,109324.45,109324.46,23.78767
2025-06-10T09:27:00,109324.46,109324.46,109281.62,109281.64,5.60242
2025-06-10T09:29:00,109281.64,109311.75,109276.4,109311.75,9.40537
2025-06-10T09:31:00,109311.75,109427.65,109311.74,109416.55,21.30022
2025-06-10T09:33:00,109416.55,109458.0,109388.42,109411.32,74.86787
2025-06-10T09:35:00,109411.32,109478.66,109411.31,109452.01,44.82464
2025-06-10T09:37:00,109452.0,109456.64,109389.84,109405.73,23.98903
2025-06-10T09:39:00,109405.73,109420.0,109402.8,109402.8,8.91283
2025-06-10T09:41:00,109402.81,109402.81,109360.0,109360.0,7.37783
2025-06-10T09:43:00,109360.0,109360.0,109355.58,109355.59,4.97243
2025-06-10T09:45:00,109355.6,109380.82,109355.59,109380.81,3.8168100000000003
2025-06-10T09:47:00,109380.82,109380.82,109380.81,109380.82,2.69439
2025-06-10T09:49:00,109380.82,109380.82,109355.58,109361.94,6.82625
2025-06-10T09:51:00,109361.94,109384.63,109360.0,109360.01,9.070599999999999
2025-06-10T09:53:00,109360.01,109420.57,109352.43,109404.7,24.237630000000003
2025-06-10T09:55:00,109404.71,109471.7,109404.7,109471.7,9.6935
2025-06-10T09:57:00,109471.7,109521.84,109471.69,109499.89,11.686689999999999
2025-06-10T09:59:00,109499.89,109508.78,109423.27,109423.28,23.63381
2025-06-10T10:01:00,109423.27,109475.33,109423.27,109445.14,13.48705
2025-06-10T10:03:00,109445.14,109445.14,109433.7,109433.7,6.36024
2025-06-10T10:05:00,109433.71,109482.1,109433.7,109463.21,12.8173
2025-06-10T10:07:00,109463.22,109493.31,109420.36,109468.85,11.13125
2025-06-10T10:09:00,109468.85,109468.86,109421.28,109429.67,6.157360000000001
2025-06-10T10:11:00,109429.68,109528.07,109429.67,109528.07,7.476050000000001
2025-06-10T10:13:00,109528.07,109528.07,109480.84,109506.19,7.64471
2025-06-10T10:15:00,109506.19,109573.3,109497.25,109537.19,36.33555
2025-06-10T10:17:00,109537.2,109537.2,109462.26,109462.26,6.70198
2025-06-10T10:19:00,109462.27,109478.69,109403.11,109403.11,8.37735
2025-06-10T10:21:00,109403.12,109429.7,109403.11,109429.69,8.36025
2025-06-10T10:23:00,109429.69,109429.7,109408.42,109411.06,5.1933
2025-06-10T10:25:00,109411.05,109526.68,109411.05,109501.79,23.1523
2025-06-10T10:27:00,109501.8,109501.8,109441.06,109441.06,6.286949999999999
2025-06-10T10:29:00,109441.07,109441.07,109381.24,109381.24,6.069319999999999
2025-06-10T10:31:00,109381.25,109381.25,109360.0,109379.99,7.1213999999999995
2025-06-10T10:33:00,109379.99,109380.0,109360.88,109360.89,3.55014
2025-06-10T10:35:00,109360.88,109360.89,109344.65,109360.88,5.74894
2025-06-10T10:37:00,109360.89,109360.89,109356.64,109356.65,9.86266
2025-06-10T10:39:00,109356.65,109356.65,109284.87,109284.87,24.04205
2025-06-10T10:41:00,109284.88,109308.29,109275.5,109275.51,14.228959999999999
2025-06-10T10:43:00,109275.5,109275.51,109275.47,109275.47,4.39001
2025-06-10T10:45:00,109275.47,109300.0,109275.43,109299.99,7.14673
2025-06-10T10:47:00,109299.99,109305.71,109277.61,109277.61,14.59166
2025-06-10T10:49:00,109277.61,109297.7,109277.61,109297.7,6.17671
2025-06-10T10:51:00,109297.71,109320.87,109296.87,109296.87,11.25953
2025-06-10T10:53:00,109296.87,109299.4,109288.67,109299.39,6.52538
2025-06-10T10:55:00,109299.39,109305.3,109292.51,109292.51,10.636180000000001
2025-06-10T10:57:00,109292.51,109292.52,109290.94,109290.94,4.59384
2025-06-10T10:59:00,109290.94,109303.62,109290.54,109291.59,14.778749999999999
2025-06-10T11:01:00,109291.6,109291.6,109273.58,109280.48,4.47392
2025-06-10T11:03:00,109280.49,109302.51,109280.01,109280.01,10.68063
2025-06-10T11:05:00,109280.02,109280.02,109275.57,109275.58,7.21988
2025-06-10T11:07:00,109275.57,109275.58,109199.81,109226.19,19.4877
2025-06-10T11:09:00,109226.19,109408.7,109222.66,109404.52,26.848149999999997
2025-06-10T11:11:00,109404.52,109478.53,109400.93,109415.09,30.97051
2025-06-10T11:13:00,109415.09,109449.99,109415.08,109439.18,11.3987
2025-06-10T11:15:00,109439.18,109685.74,109439.18,109647.1,52.98975
2025-06-10T11:17:00,109647.11,109686.36,109617.13,109653.19,53.63215
2025-06-10T11:19:00,109653.19,109676.16,109620.0,109667.16,24.34173
2025-06-10T11:21:00,109667.16,109725.83,109584.42,109590.92,66.1382
2025-06-10T11:23:00,109590.91,109591.75,109509.43,109577.37,15.98222
2025-06-10T11:25:00,109577.37,109600.0,109502.21,109597.37,20.27673
2025-06-10T11:27:00,109597.36,109707.56,109585.47,109707.56,92.91091
2025-06-10T11:29:00,109707.55,109777.0,109666.43,109710.75,24.16487
2025-06-10T11:31:00,109710.75,109745.29,109700.01,109718.24,20.72569
2025-06-10T11:33:00,109718.24,109810.0,109718.24,109806.81,41.271640000000005
2025-06-10T11:35:00,109806.8,109806.81,109751.0,109765.49,28.8776
2025-06-10T11:37:00,109765.48,109842.76,109765.48,109801.01,53.98256
2025-06-10T11:39:00,109801.01,109843.72,109801.01,109802.27,27.25114
2025-06-10T11:41:00,109802.28,109840.88,109802.27,109834.14,24.52356
2025-06-10T11:43:00,109834.13,109851.8,109740.88,109740.89,33.95256
2025-06-10T11:45:00,109740.89,109756.65,109672.42,109698.12,38.53594
2025-06-10T11:47:00,109698.11,109698.12,109605.93,109605.93,39.05444
2025-06-10T11:49:00,109605.94,109640.53,109605.93,109627.52,17.834780000000002
2025-06-10T11:51:00,109627.51,109680.93,109609.31,109671.03,19.84381
2025-06-10T11:53:00,109671.02,109671.02,109571.34,109574.17,15.28156
2025-06-10T11:55:00,109574.17,109638.46,109501.15,109502.59,28.608240000000002
2025-06-10T11:57:00,109502.6,109567.87,109502.59,109537.5,19.77995
2025-06-10T11:59:00,109537.49,109589.87,109528.07,109570.57,22.29834
2025-06-10T12:01:00,109570.56,109617.47,109528.07,109593.09,13.68331
2025-06-10T12:03:00,109593.1,109593.1,109550.0,109550.32,11.31256
2025-06-10T12:05:00,109550.32,109550.32,109469.86,109488.03,21.701510000000003
2025-06-10T12:07:00,109488.04,109503.7,109484.8,109489.38,12.74467
2025-06-10T12:09:00,109489.39,109497.87,109489.38,109492.11,11.7027
2025-06-10T12:11:00,109492.1,109553.23,109415.62,109445.87,23.69622
2025-06-10T12:13:00,109445.87,109471.16,109445.87,109462.73,11.109649999999998
2025-06-10T12:15:00,109462.73,109571.44,109449.4,109571.43,13.99746
2025-06-10T12:17:00,109571.43,109607.72,109559.69,109562.16,20.18871
2025-06-10T12:19:00,109562.17,109593.58,109562.16,109582.16,8.41012
2025-06-10T12:21:00,109582.15,109582.16,109503.5,109533.78,15.55765
2025-06-10T12:23:00,109533.78,109533.89,109491.5,109509.43,19.5444
2025-06-10T12:25:00,109509.44,109513.56,109452.79,109495.73,17.79876
2025-06-10T12:27:00,109495.74,109495.74,109435.78,109493.49,12.16672
2025-06-10T12:29:00,109493.49,109500.73,109480.75,109500.73,5.00934
2025-06-10T12:31:00,109500.73,109518.78,109465.63,109501.71,22.19835
2025-06-10T12:33:00,109501.71,109554.42,109481.68,109489.81,16.43376
2025-06-10T12:35:00,109489.82,109489.87,109465.64,109465.65,11.42425
2025-06-10T12:37:00,109465.64,109465.65,109429.0,109434.47,25.06228
2025-06-10T12:39:00,109434.47,109463.12,109434.47,109463.12,9.04444
2025-06-10T12:41:00,109463.12,109586.63,109463.11,109534.02,18.656570000000002
2025-06-10T12:43:00,109534.03,109638.06,109534.02,109589.94,46.93788
2025-06-10T12:45:00,109589.95,109589.95,109546.73,109546.74,19.86722
2025-06-10T12:47:00,109546.73,109660.41,109546.73,109654.59,29.278029999999998
2025-06-10T12:49:00,109654.59,109654.6,109603.77,109603.77,28.23746
2025-06-10T12:51:00,109603.77,109630.59,109584.04,109610.94,19.04741
2025-06-10T12:53:00,109610.94,109650.01,109610.94,109650.01,25.31306
2025-06-10T12:55:00,109650.01,109650.01,109626.36,109637.97,22.84012
2025-06-10T12:57:00,109637.96,109688.86,109637.23,109685.25,15.556429999999999
2025-06-10T12:59:00,109685.25,109700.0,109673.1,109673.1,20.07089
2025-06-10T13:01:00,109673.11,109689.79,109644.79,109663.66,16.98867
2025-06-10T13:03:00,109663.65,109668.0,109641.86,109641.86,22.94263
2025-06-10T13:05:00,109641.86,109642.26,109608.16,109642.26,12.003139999999998
2025-06-10T13:07:00,109642.26,109690.36,109642.25,109664.49,16.59638
2025-06-10T13:09:00,109664.49,109676.2,109643.42,109643.43,6.806229999999999
2025-06-10T13:11:00,109643.42,109698.12,109643.42,109689.81,19.0185
2025-06-10T13:13:00,109689.8,109787.73,109689.8,109781.86,32.37722
2025-06-10T13:15:00,109781.86,109822.92,109774.22,109822.92,32.11986
2025-06-10T13:17:00,109822.91,109839.18,109809.98,109829.99,17.548160000000003
2025-06-10T13:19:00,109829.99,109900.81,109814.12,109835.98,264.57174
2025-06-10T13:21:00,109835.99,109839.18,109814.11,109815.81,12.50612
2025-06-10T13:23:00,109815.81,109815.82,109761.58,109761.59,12.95801
2025-06-10T13:25:00,109761.59,109792.02,109707.64,109792.01,14.482759999999999
2025-06-10T13:27:00,109792.01,109792.01,109652.6,109666.52,19.64701
2025-06-10T13:29:00,109666.53,109778.73,109666.52,109701.53,24.01699
2025-06-10T13:31:00,109701.53,109701.54,109446.61,109527.2,52.093379999999996
2025-06-10T13:33:00,109527.19,109529.37,109400.0,109428.59,33.88118
2025-06-10T13:35:00,109428.59,109478.97,109305.7,109362.81,55.54508
2025-06-10T13:37:00,109362.81,109454.61,109346.55,109394.38,36.71436
2025-06-10T13:39:00,109394.47,109490.06,109363.07,109407.66,48.86396
2025-06-10T13:41:00,109407.65,109407.66,109130.02,109174.76,60.15551
2025-06-10T13:43:00,109174.76,109174.76,108963.9,109019.99,105.09608
2025-06-10T13:45:00,109020.0,109084.5,108888.88,108903.57,118.99114999999999
2025-06-10T13:47:00,108903.58,109054.34,108888.88,108966.63,97.02494999999999
2025-06-10T13:49:00,108966.63,109121.12,108941.22,109061.99,51.085679999999996
2025-06-10T13:51:00,109061.98,109226.42,109061.98,109215.3,74.97453
2025-06-10T13:53:00,109215.31,109227.3,109132.07,109174.83,38.021480000000004
2025-06-10T13:55:00,109174.83,109193.11,109107.69,109155.81,33.438100000000006
2025-06-10T13:57:00,109155.82,109318.83,109155.81,109301.8,50.017669999999995
2025-06-10T13:59:00,109301.81,109321.45,109291.33,109291.33,39.05358
2025-06-10T14:01:00,109291.34,109332.45,109224.21,109224.21,45.76408
2025-06-10T14:03:00,109224.21,109282.29,109139.01,109139.01,47.69082
2025-06-10T14:05:00,109139.02,109212.01,109132.07,109181.99,48.46549
2025-06-10T14:07:00,109182.0,109192.88,108955.82,108983.69,96.20414
2025-06-10T14:09:00,108983.68,109058.49,108909.11,109058.49,46.679050000000004
2025-06-10T14:11:00,109058.48,109179.25,109057.8,109176.0,33.729969999999994
2025-06-10T14:13:00,109175.99,109241.99,109073.11,109085.76,39.202079999999995
2025-06-10T14:15:00,109085.76,109085.76,108944.06,108990.75,45.00055
2025-06-10T14:17:00,108990.75,109048.0,108967.28,109005.08,66.0194
2025-06-10T14:19:00,109005.09,109032.0,108909.36,108954.78,49.98771
2025-06-10T14:21:00,108954.79,109006.44,108933.67,108965.53,55.708659999999995
2025-06-10T14:23:00,108965.53,109100.0,108957.35,109086.4,53.518190000000004
2025-06-10T14:25:00,109086.39,109097.66,108912.75,108912.76,49.04533
2025-06-10T14:27:00,108912.76,108933.47,108674.61,108748.0,154.4822
2025-06-10T14:29:00,108748.0,108921.31,108743.7,108921.3,76.2474
2025-06-10T14:31:00,108921.31,108921.31,108738.16,108753.16,55.574209999999994
2025-06-10T14:33:00,108753.15,108753.16,108604.19,108665.94,73.38526
2025-06-10T14:35:00,108665.94,108719.45,108647.05,108692.21,66.42995
2025-06-10T14:37:00,108692.22,108801.89,108688.03,108708.59,75.28383
2025-06-10T14:39:00,108708.59,108806.37,108698.99,108775.08,56.141890000000004
2025-06-10T14:41:00,108775.07,108787.22,108626.67,108644.68,55.72718
2025-06-10T14:43:00,108644.68,108644.68,108549.66,108600.0,65.37011
2025-06-10T14:45:00,108600.0,108600.0,108468.29,108562.24,151.20225
2025-06-10T14:47:00,108562.25,108634.94,108495.22,108544.02,55.70622
2025-06-10T14:49:00,108544.03,108701.3,108544.02,108655.71,46.02332
2025-06-10T14:51:00,108655.71,108683.4,108523.51,108591.01,48.39011
2025-06-10T14:53:00,108591.02,108745.76,108591.01,108661.5,64.67846
2025-06-10T14:55:00,108661.5,108662.26,108556.75,108615.07,41.1723
2025-06-10T14:57:00,108615.06,108675.77,108601.73,108615.79,44.14805
2025-06-10T14:59:00,108615.78,108660.0,108573.7,108578.57,39.4148
2025-06-10T15:01:00,108578.58,108620.0,108481.75,108605.43,65.16439
2025-06-10T15:03:00,108605.42,108638.91,108557.88,108638.47,69.61703
2025-06-10T15:05:00,108638.48,108793.28,108632.98,108773.82,59.91354
2025-06-10T15:07:00,108773.81,108815.71,108740.56,108800.0,45.33833
2025-06-10T15:09:00,108800.01,108883.84,108800.0,108835.26,59.06765
2025-06-10T15:11:00,108835.25,108983.11,108826.73,108975.73,53.82362
2025-06-10T15:13:00,108975.74,109100.0,108975.73,109099.99,70.03227
2025-06-10T15:15:00,109100.0,109199.99,109018.26,109164.6,77.08138
2025-06-10T15:17:00,109164.59,109179.12,109000.65,109000.65,43.62352
2025-06-10T15:19:00,109000.66,109104.15,108937.07,109104.14,51.90217
2025-06-10T15:21:00,109104.15,109127.66,109008.42,109020.58,29.65625
2025-06-10T15:23:00,109020.59,109052.89,109001.73,109052.89,33.55003
2025-06-10T15:25:00,109052.89,109164.85,109052.88,109132.05,60.329660000000004
2025-06-10T15:27:00,109132.04,109144.0,109090.91,109113.55,34.64908
2025-06-10T15:29:00,109113.55,109121.61,108909.84,108924.85,33.11627
2025-06-10T15:31:00,108924.85,108924.85,108613.78,108638.81,83.08352
2025-06-10T15:33:00,108638.81,108638.81,108331.03,108453.48,134.54559999999998
2025-06-10T15:35:00,108453.49,108718.08,108435.11,108618.95,76.16582
2025-06-10T15:37:00,108618.95,108698.88,108566.42,108645.28,32.66105
2025-06-10T15:39:00,108645.29,108768.0,108631.99,108672.08,41.85073
2025-06-10T15:41:00,108672.09,108680.0,108566.85,108640.76,29.33093
2025-06-10T15:43:00,108640.76,108782.66,108626.77,108764.06,33.84924
2025-06-10T15:45:00,108764.06,108780.01,108679.02,108752.55,26.34188
2025-06-10T15:47:00,108752.55,108826.4,108752.54,108785.58,21.34937
2025-06-10T15:49:00,108785.58,108795.89,108723.41,108757.64,20.73393
2025-06-10T15:51:00,108757.64,108867.67,108757.64,108867.66,11.65285
2025-06-10T15:53:00,108867.67,108989.99,108867.67,108963.77,36.380700000000004
2025-06-10T15:55:00,108963.78,109072.33,108935.38,109069.27,30.900930000000002
2025-06-10T15:57:00,109069.28,109082.89,108981.11,109007.6,33.4583
2025-06-10T15:59:00,109007.61,109059.99,108988.87,109028.85,34.90793
2025-06-10T16:01:00,109028.85,109210.76,109028.85,109210.75,30.78329
2025-06-10T16:03:00,109210.75,109251.41,109148.76,109172.71,19.99039
2025-06-10T16:05:00,109172.72,109222.73,109041.33,109112.78,39.95491
2025-06-10T16:07:00,109112.79,109112.79,109068.03,109109.26,6.78306
2025-06-10T16:09:00,109109.27,109125.88,109021.58,109079.66,36.36904
2025-06-10T16:11:00,109079.67,109157.84,109048.58,109071.23,14.739650000000001
2025-06-10T16:13:00,109071.24,109131.72,109045.19,109130.75,12.703209999999999
2025-06-10T16:15:00,109130.75,109174.24,109114.03,109142.93,17.43345
2025-06-10T16:17:00,109142.93,109142.93,109065.2,109103.95,15.066659999999999
2025-06-10T16:19:00,109103.96,109147.0,109028.71,109043.58,23.683480000000003
2025-06-10T16:21:00,109043.59,109043.59,108907.66,108918.22,17.15775
2025-06-10T16:23:00,108918.22,108918.23,108802.74,108843.5,39.61145
2025-06-10T16:25:00,108843.49,108894.85,108789.12,108894.85,16.95994
2025-06-10T16:27:00,108894.85,109017.04,108893.51,109014.93,33.77905
2025-06-10T16:29:00,109014.94,109020.0,108994.18,108995.93,11.823599999999999
2025-06-10T16:31:00,108995.94,109060.96,108994.55,109029.66,18.52872
2025-06-10T16:33:00,109029.66,109029.67,109009.51,109009.52,18.98452
2025-06-10T16:35:00,109009.51,109009.52,108898.1,108903.53,16.04583
2025-06-10T16:37:00,108903.53,108922.07,108852.0,108852.0,13.63555
2025-06-10T16:39:00,108852.0,108908.8,108820.32,108908.8,13.10698
2025-06-10T16:41:00,108908.8,108997.34,108897.89,108946.79,11.7045
2025-06-10T16:43:00,108946.78,108963.94,108900.28,108900.29,8.13422
2025-06-10T16:45:00,108900.29,108900.29,108825.01,108870.0,13.128620000000002
2025-06-10T16:47:00,108869.99,108900.0,108757.87,108785.08,14.73177
2025-06-10T16:49:00,108785.09,108805.49,108750.0,108785.05,5.43136
2025-06-10T16:51:00,108785.05,108785.06,108716.0,108719.32,11.793800000000001
2025-06-10T16:53:00,108719.31,108719.32,108700.0,108700.0,6.40829
2025-06-10T16:55:00,108700.01,108734.59,108690.59,108714.38,11.32731
2025-06-10T16:57:00,108714.38,108733.28,108692.0,108692.0,13.66409
2025-06-10T16:59:00,108692.01,108750.9,108692.0,108744.68,21.97532
2025-06-10T17:01:00,108744.69,108753.95,108708.58,108708.58,19.09088
2025-06-10T17:03:00,108708.59,108788.1,108708.58,108774.04,12.433489999999999
2025-06-10T17:05:00,108774.04,108834.83,108774.04,108813.61,9.929580000000001
2025-06-10T17:07:00,108813.62,108950.0,108813.61,108911.24,8.31983
2025-06-10T17:09:00,108911.23,108941.94,108900.0,108941.93,6.9876000000000005
2025-06-10T17:11:00,108941.94,108950.12,108898.11,108920.84,4.31538
2025-06-10T17:13:00,108920.84,108990.0,108920.84,108933.9,7.33857
2025-06-10T17:15:00,108933.9,109064.06,108933.89,109033.47,7.8502600000000005
2025-06-10T17:17:00,109033.47,109041.54,108979.78,108979.78,8.65033
2025-06-10T17:19:00,108979.78,108986.97,108943.39,108978.8,10.38796
2025-06-10T17:21:00,108978.8,108978.81,108906.1,108906.11,7.566039999999999
2025-06-10T17:23:00,108906.11,108911.9,108873.76,108903.18,6.380660000000001
2025-06-10T17:25:00,108903.18,108948.0,108888.13,108938.75,8.757629999999999
2025-06-10T17:27:00,108938.74,108938.75,108850.89,108884.0,6.034999999999999
2025-06-10T17:29:00,108884.0,108884.0,108754.71,108754.71,8.25383
2025-06-10T17:31:00,108754.71,108782.13,108741.19,108782.13,7.89495
2025-06-10T17:33:00,108782.13,108893.69,108782.12,108893.69,18.29418
2025-06-10T17:35:00,108893.69,108955.97,108893.68,108899.62,17.14299
2025-06-10T17:37:00,108899.62,108906.66,108754.92,108754.92,9.41312
2025-06-10T17:39:00,108754.93,108784.15,108712.5,108723.6,8.02769
2025-06-10T17:41:00,108723.6,108761.41,108703.93,108703.94,11.4757
2025-06-10T17:43:00,108703.93,108757.71,108703.93,108736.28,11.99282
2025-06-10T17:45:00,108736.28,108749.84,108710.0,108710.0,5.77765
